"";"M020_kode3";"Norge_area";"Mellom_nordboreal";"Alpin";"Nemoral_soerboreal";"O3_O3t";"OC_O2";"C1";"Mellom_nordboreal_O3_O3t";"Mellom_nordboreal_OC_O2";"Alpin_OC_O2";"Nemoral_soerboreal_O3_O3t";"Alpin_C1";"Mellom_nordboreal_C1";"Nemoral_soerboreal_OC_O2";"Alpin_O3_O3t";"Nemoral_soerboreal_C1"
"1";"F";17794144,0286969;16862114,1805706;NA;NA;8216362,45179616;8966563,80127757;NA;537631945,45509;81896396,015935;NA;NA;NA;NA;NA;NA;NA
"2";"F1-C-1";22242680,0358711;NA;24317011,4657138;NA;NA;22416409,5031939;NA;NA;NA;80911994,4342599;NA;NA;NA;NA;NA;NA
"3";"F8-C-1";8897072,01434845;8431057,09028529;NA;NA;NA;8966563,80127757;NA;NA;81896396,015935;NA;NA;NA;NA;NA;NA;NA
"4";"I1";2414665344,69417;358319926,337125;2226465569,80076;NA;NA;2433525415,66673;NA;NA;3480596830,67724;7408302210,40083;NA;NA;NA;NA;NA;NA
"5";"I1-C-1";542721392,875255;21077642,7257132;544701056,83199;22175244,515854;20540906,1294904;524543982,374738;NA;NA;204740990,039837;1812428675,32742;414974115,764632;NA;NA;NA;NA;NA
"6";"L";11121340,0179356;NA;NA;11087622,257927;10270453,0647452;NA;NA;NA;NA;NA;207487057,882316;NA;NA;NA;NA;NA
"7";"L16-C-3";8897072,01434845;NA;9726804,58628554;NA;NA;8966563,80127757;NA;NA;NA;32364797,773704;NA;NA;NA;NA;NA;NA
"8";"L4-1";75180258,5212444;43841496,8694835;31612114,905428;NA;NA;15691486,6522357;58575957,8077172;NA;NA;56638396,1039819;NA;122760060,953333;370221618,574504;NA;NA;NA
"9";"L4-C-1";15569876,0251098;14754349,9079993;NA;NA;NA;15691486,6522357;NA;NA;143318693,027886;NA;NA;NA;NA;NA;NA;NA
"10";"L4-C-2";22242680,0358711;21077642,7257132;NA;NA;NA;22416409,5031939;NA;NA;204740990,039837;NA;NA;NA;NA;NA;NA;NA
"11";"NiN-3.0-T-C-PE-NA-MB--M020-";544945660,878842;283494294,660843;NA;245036451,900186;48271129,4043025;496523470,495745;NA;NA;2753766316,03581;NA;975189172,046884;NA;NA;2888501246,13295;NA;NA
"12";"NiN-3.0-T-C-PE-NA-MB-TA01-M020-01";6322148159,99583;2031357817,69061;3625909579,65259;859290724,989341;759500004,137908;5533714849,95845;8742680,26980854;6142444976,8244;18714350194,5913;11133894994,1263;8672959019,4808;NA;71196465,1104816;5926407729,13485;4092718421,39749;NA
"13";"NiN-3.0-T-C-PE-NA-MB-TA01-M020-02";59499169,0959553;39520580,1107123;19453609,1725711;NA;6675794,49208438;52678562,3325057;NA;NA;383889356,324695;38433197,3562734;NA;NA;NA;NA;115613514,728743;NA
"14";"NiN-3.0-T-C-PE-NA-MB-TA01-M020-03";465706113,251052;14490879,3739278;482692677,59442;8870097,80634158;NA;469343573,973123;NA;NA;140759430,652388;1606103089,52006;NA;NA;NA;132804654,994618;NA;NA
"15";"NiN-3.0-T-C-PE-NA-MB-TA01-M020-04";166542066,768585;50322872,0076403;124016758,475141;NA;NA;127493329,049415;39342061,2141384;NA;325026321,688242;331739177,180466;NA;204600101,588889;142392930,220963;NA;NA;NA
"16";"NiN-3.0-T-C-PE-NA-MB-TA01-M020-05";10843306,5174872;5005940,14735689;6079252,86642846;NA;NA;10927999,632807;NA;NA;48625985,1344614;20227998,608565;NA;NA;NA;NA;NA;NA
"17";"NiN-3.0-T-C-PE-NA-MB-TA01-M020-06";69786408,6125456;22921936,4642131;49849873,5047134;NA;NA;70331484,8162709;NA;NA;222655826,668323;165869588,590233;NA;NA;NA;NA;NA;NA
"18";"NiN-3.0-T-C-PE-NA-MB-TA01-M020-08";20018412,032284;NA;21885310,3191425;NA;NA;20174768,5528745;NA;NA;NA;72820794,9908339;NA;NA;NA;NA;NA;NA
"19";"NiN-3.0-T-C-PE-NA-MB-TA02-M020-01";3674490741,92591;1331263914,55605;646832504,987988;1672900446,27602;1238000412,42439;2240071801,65417;109283503,372607;1680099829,54715;11651809743,1671;214416785,250789;14553142239,8656;NA;889955813,88102;13403309805,3319;8519826700,77965;NA
"20";"NiN-3.0-T-C-PE-NA-MB-TA02-M020-02";102316328,165007;75879513,8125676;24317011,4657138;NA;34919540,4201337;65007587,5592624;NA;2284935768,18413;389007881,075691;80911994,4342599;NA;NA;NA;NA;NA;NA
"21";"NiN-3.0-T-C-PE-NA-MB-TA02-M020-03";10009206,016142;9484939,22657095;NA;NA;NA;10087384,2764373;NA;NA;92133445,5179268;NA;NA;NA;NA;NA;NA;NA
"22";"NiN-3.0-T-C-PE-NA-MB-TA03-M020-01";6961736424,4273;3060684500,20082;3418485471,85005;603166650,831228;798014203,130702;5512643425,02545;616796093,034993;16438096732,2894;23123447415,0992;9600208139,62494;5340716869,89081;1673628830,99711;3566942902,03513;4757726765,18221;4891341007,7545;NA
"23";"NiN-3.0-T-C-PE-NA-MB-TA03-M020-02";3763739495,56984;1464790781,22344;2379845119,62075;41024202,3543298;110920893,099248;3348563251,58711;315446832,485029;2016119795,45659;11914901915,3683;7301093817,77544;373476704,188168;947809970,610528;1744313395,2068;315411055,612219;1067201674,41916;NA
"24";"NiN-3.0-T-C-PE-NA-MB-TA03-M020-03";1618766646,31061;506811919,339774;1185028761,2529;NA;NA;1436667685,0597;189880087,109904;NA;4513515125,42822;3401944805,98846;NA;1368263179,37569;355982325,552408;NA;NA;NA
"25";"NiN-3.0-T-C-PE-NA-MB-TA03-M020-04";30944238892,7043;12289108814,7998;18430106159,9792;1114527789,36682;1102841250,09234;25639889189,7532;4234080054,66828;6895129700,46152;95196370728,9228;53507911039,3204;13582102808,9764;16525550205,3346;20104101835,5722;5820164005,13915;5631267502,01845;NA
"26";"NiN-3.0-T-C-PE-NA-MB-TA03-M020-05";5053092050,5492;1102360714,5548;4211220045,63232;37697915,6769517;20540906,1294904;4757826876,02915;304518482,147769;NA;10389069687,0964;13011053265,0012;414974115,764632;2531926257,1625;277221236,023938;232408146,240582;NA;NA
"27";"NiN-3.0-T-C-PE-NA-MB-TA03-M020-06";2155538122,27627;530102714,551687;1744988742,77963;NA;NA;1968440959,49922;198841334,386458;NA;5064780241,11048;5103524048,94094;NA;1776951882,2995;73421354,6451841;NA;NA;NA
"28";"NiN-3.0-T-C-PE-NA-MB-TA04-M020-01";484223144,380914;16335173,1124277;510535655,722662;NA;NA;465028415,143758;22403118,1913844;NA;158674267,280874;1615812528,85217;NA;209715104,128611;NA;NA;NA;NA
"29";"NiN-3.0-T-C-PE-NA-MB-TA04-M020-02";484223144,380914;16335173,1124277;510535655,722662;NA;NA;465028415,143758;22403118,1913844;NA;158674267,280874;1615812528,85217;NA;209715104,128611;NA;NA;NA;NA
"30";"NiN-3.0-T-C-PE-NA-MB-TA04-M020-03";619236212,198652;10960374,2173709;664340753,243302;NA;NA;609278010,296811;14425422,4451841;NA;106465314,820715;2157113771,61737;NA;135036067,048667;NA;NA;NA;NA
"31";"NiN-3.0-T-C-PE-NA-MB-TB01-M020-01";64140326712,2401;38048095989,894;1935877282,78548;22151073499,3317;2687777567,04382;55273037568,4054;6274403062,63485;45537425780,0461;305385518513,72;5646038971,62265;38434902602,1202;1121208556,70711;49782348316,8765;300268004826,457;1547442427,90779;2876629473,84828
"32";"NiN-3.0-T-C-PE-NA-MB-TB01-M020-02";16087908043,1452;9726383623,99399;1139251987,16869;4767344942,24086;782403114,47229;14784742887,8315;560624372,301473;22513337715,9319;85971765422,6779;3592492552,88114;7838861046,79389;NA;4414180836,84986;64823612161,0607;871548034,108983;1286913185,66897
"33";"NiN-3.0-T-C-PE-NA-MB-TB01-M020-03";7451965092,4179;4333668732,62027;962224143,698297;1992556595,97206;181787019,24599;6840367359,89962;459646415,185184;NA;39464849535,1289;3201687619,76366;3672520924,51699;NA;2287186441,67422;24178747499,9577;NA;12384646892,6731
"34";"NiN-3.0-T-C-PE-NA-MB-TB01-M020-04";8832790669,04478;6390319721,58173;179945884,846282;1918823907,95684;114618256,202556;5363798465,92424;3327682677,69588;NA;32375692754,9995;157778389,146807;2315555565,96664;1115070553,65944;25817618160,6884;26295321688,9344;NA;2649527146,96552
"35";"NiN-3.0-T-C-PE-NA-MB-TB01-M020-05";197737425,518894;155553003,315764;NA;33484619,2189395;NA;185832034,781478;13114020,4047128;NA;1388143912,4701;NA;NA;NA;106794697,665722;501337572,604685;NA;NA
"36";"NiN-3.0-T-C-PE-NA-MB-TB01-M020-06";13345608,0215227;NA;NA;13305146,7095124;NA;13449845,7019164;NA;NA;NA;NA;NA;NA;NA;199206982,491928;NA;NA
"37";"NiN-3.0-T-C-PE-NA-MB-TC01-M020-01";26246362,4423279;24871618,4163416;NA;NA;NA;26451363,2137688;NA;NA;241594368,247008;NA;NA;NA;NA;NA;NA;NA
"38";"NiN-3.0-T-C-PE-NA-MB-TC02-M020-04";22242680,0358711;21077642,7257132;NA;NA;NA;22416409,5031939;NA;NA;204740990,039837;NA;NA;NA;NA;NA;NA;NA
"39";"NiN-3.0-T-C-PE-NA-MB-TC03-M020-04";19573558,4315666;18548325,5986276;NA;NA;NA;19726440,3628106;NA;NA;180172071,235057;NA;NA;NA;NA;NA;NA;NA
"40";"NiN-3.0-T-C-PE-NA-MB-TC03-M020-09";3892469,00627745;3688587,47699981;NA;NA;NA;3922871,66305894;NA;NA;35829673,2569715;NA;NA;NA;NA;NA;NA;NA
"41";"NiN-3.0-T-C-PE-NA-MB-TC03-M020-11";3892469,00627745;3688587,47699981;NA;NA;NA;3922871,66305894;NA;NA;35829673,2569715;NA;NA;NA;NA;NA;NA;NA
"42";"NiN-3.0-T-C-PE-NA-MB-TC05-M020-01";52270298,0842971;43209167,5877121;7295103,43971415;NA;NA;52678562,3325057;NA;NA;419719029,581667;24273598,330278;NA;NA;NA;NA;NA;NA
"43";"NiN-3.0-T-C-PE-NA-MB-TC08-M020-01";4027593287,49536;568464024,312485;3695699402,55919;47122394,5961897;79596011,2517753;3938563149,71117;32785051,011782;537631945,45509;5439968105,35848;12066405729,9812;881819995,999842;306900152,383333;NA;NA;480240753,488623;NA
"44";"NiN-3.0-T-C-PE-NA-MB-TC08-M020-02";3257329277,85315;229113976,428503;3274285593,85837;20512101,1771649;37487153,68632;3059727815,13845;177585692,980486;NA;2225534561,73303;10164569300,8039;383851057,082284;1662375825,40972;NA;NA;320160502,325749;NA
"45";"NiN-3.0-T-C-PE-NA-MB-TC08-M020-03";867686948,199332;23817736,2800559;921128394,32124;NA;NA;755096754,115087;116386931,091826;NA;231357318,745016;2634089978,80733;NA;1089495540,96083;NA;NA;NA;NA
"46";"NiN-3.0-T-C-PE-NA-MB-TC08-M020-04";452638538,729977;60071281,7682827;425547700,649992;NA;NA;456173933,389996;NA;NA;583511821,613537;1415959902,59955;NA;NA;NA;NA;NA;NA
"47";"NiN-3.0-T-C-PE-NA-MB-TC08-M020-05";83410050,1345167;NA;91188792,9964269;NA;NA;66128408,0344221;17485360,5396171;NA;NA;238690383,581067;NA;163680081,271111;NA;NA;NA;NA
"48";"NiN-3.0-T-C-PE-NA-MB-TD01-M020-01";37812556,0609809;14754349,9079993;24317011,4657138;NA;NA;38107896,1554297;NA;NA;143318693,027886;80911994,4342599;NA;NA;NA;NA;NA;NA
"49";"NiN-3.0-T-C-PE-NA-MB-TD01-M020-02";16682010,0269033;NA;18237758,5992854;NA;NA;16812307,1273954;NA;NA;NA;60683995,8256949;NA;NA;NA;NA;NA;NA
"50";"NiN-3.0-T-C-PE-NA-MB-TD01-M020-03";5560670,00896778;NA;6079252,86642846;NA;NA;5604102,37579848;NA;NA;NA;20227998,608565;NA;NA;NA;NA;NA;NA
"51";"NiN-3.0-T-C-PE-NA-MB-TD01-M020-04";756362334,619798;194652030,571962;559291263,711419;39250182,7930615;12324543,6776942;748820159,454193;NA;806447918,182634;1767938448,994;1860975871,98798;NA;NA;NA;587660598,351187;NA;NA
"52";"NiN-3.0-T-C-PE-NA-MB-TD01-M020-05";488275760,68345;104505060,398359;387968191,130878;23051166,6742302;12940770,861579;472318231,514197;5507888,56997938;846770314,091766;834544749,501381;1290918506,40084;NA;NA;44853773,0196034;345126097,167265;NA;NA
"53";"NiN-3.0-T-C-PE-NA-MB-TD01-M020-06";123842793,903723;19905725,7901636;107612502,54037;4390698,41413909;2464908,73553885;121044128,035347;1049121,63237702;161289583,636527;158960904,66693;358067940,169374;NA;NA;8543575,81325779;65738304,2223361;NA;NA
"54";"NiN-3.0-T-C-PE-NA-MB-TD01-M020-07";1928551572,51021;516718411,420859;1288558437,56818;204012249,545856;85244760,4373852;1828170277,03298;21856700,6745214;806447918,182634;4896380776,80271;4145930594,81148;1161927524,14097;204600101,588889;NA;2124874479,91389;266800418,604791;NA
"55";"NiN-3.0-T-C-PE-NA-MB-TD01-M020-08";51887723,9876802;19905725,7901636;28946970,4487858;4390698,41413909;2464908,73553885;48527043,2925142;1049121,63237702;161289583,636527;158960904,66693;96317638,174543;NA;NA;8543575,81325779;65738304,2223361;NA;NA
"56";"NiN-3.0-T-C-PE-NA-MB-TD01-M020-09";17295907,9958934;6635241,93005452;9648990,14959525;1463566,13804636;821636,245179616;16175681,0975047;349707,210792342;53763194,545509;52986968,2223099;32105879,3915143;NA;NA;2847858,60441926;21912768,074112;NA;NA
"57";"NiN-3.0-T-C-PE-NA-MB-TD03-M020-01";99358051,7202363;21077642,7257132;59990067,2859161;22175244,515854;NA;100134101,250767;NA;NA;204740990,039837;199609890,269319;NA;NA;NA;332011637,486546;NA;NA
"58";"NiN-3.0-T-C-PE-NA-MB-TD03-M020-02";258170787,176356;118034799,263994;146072287,874543;NA;NA;260187265,103572;NA;NA;1146549544,22309;486038350,566599;NA;NA;NA;NA;NA;NA
"59";"NiN-3.0-T-C-PE-NA-MB-TD03-M020-03";134723912,977271;70610103,1311393;42724989,1452592;21066482,2900613;19513860,8230159;114480603,332811;NA;NA;685882316,633455;142162374,220995;394225409,9764;NA;NA;NA;NA;NA
"60";"NiN-3.0-T-C-PE-NA-MB-TD04-M020-01";11121340,0179356;NA;12158505,7328569;NA;NA;11208204,751597;NA;NA;NA;40455997,2171299;NA;NA;NA;NA;NA;NA
"61";"NiN-3.0-T-C-PE-NA-MB-TD04-M020-03";11121340,0179356;NA;12158505,7328569;NA;NA;11208204,751597;NA;NA;NA;40455997,2171299;NA;NA;NA;NA;NA;NA
"62";"NiN-3.0-T-C-PE-NA-MB-TD06-M020-01";2719552432,74987;687006794,766169;2131741083,33722;44541196,1345443;NA;2618927055,38575;118823953,217035;NA;5772692688,27222;7009171433,05607;NA;212272605,398472;782983125,052521;666878575,055476;NA;NA
"63";"NiN-3.0-T-C-PE-NA-MB-TD06-M020-02";623077523,040847;152304938,571731;495468835,418506;9122895,59382232;NA;592896098,231877;34172951,5046141;NA;1294966287,90297;1595010055,08312;NA;135547567,302639;160370037,66136;136589587,661965;NA;NA
"64";"NiN-3.0-T-C-PE-NA-MB-TD06-M020-03";198182279,119612;34778110,4974268;176541503,241083;NA;NA;169468055,844146;29506545,9106038;NA;337822633,565732;478189887,106476;NA;276210137,145;NA;NA;NA;NA
"65";"NiN-3.0-T-C-PE-NA-MB-TE01-M020-02";15569876,0251098;14754349,9079993;NA;NA;NA;15691486,6522357;NA;NA;143318693,027886;NA;NA;NA;NA;NA;NA;NA
"66";"NiN-3.0-T-C-PE-NA-MB-TE02-M020-02";6672804,01076134;NA;NA;6652573,35475619;6162271,83884712;NA;NA;NA;NA;NA;124492234,729389;NA;NA;NA;NA;NA
"67";"NiN-3.0-T-C-PE-NA-MB-TE02-M020-03";6672804,01076134;NA;NA;6652573,35475619;6162271,83884712;NA;NA;NA;NA;NA;124492234,729389;NA;NA;NA;NA;NA
"68";"NiN-3.0-T-C-PE-NA-MB-TE03-M020-01";56385193,8909333;8957998,15842812;51308894,1926562;NA;NA;56825598,0905966;NA;NA;87014920,7669309;170724308,256288;NA;NA;NA;NA;NA;NA
"69";"NiN-3.0-T-C-PE-NA-MB-TE04-M020-01";20018412,032284;NA;21885310,3191425;NA;NA;20174768,5528745;NA;NA;NA;72820794,9908339;NA;NA;NA;NA;NA;NA
"70";"NiN-3.0-T-C-PE-NA-MB-TE05-M020-01";332305639,735915;10496666,0774052;351186279,587839;NA;NA;334901157,977717;NA;NA;101961013,039839;1168531023,61958;NA;NA;NA;NA;NA;NA
"71";"NiN-3.0-T-C-PE-NA-MB-TE05-M020-02";73067203,9178366;2149919,55802275;77401047,4953672;NA;NA;73637905,217992;NA;NA;20883580,9840634;257542878,284249;NA;NA;NA;NA;NA;NA
"72";"NiN-3.0-T-C-PE-NA-MB-TE05-M020-03";15013809,024213;NA;16413982,7393568;NA;NA;15131076,4146559;NA;NA;NA;54615596,2431254;NA;NA;NA;NA;NA;NA
"73";"NiN-3.0-T-C-PE-NA-MB-TE08-M020-01";56385193,8909333;8957998,15842812;51308894,1926562;NA;NA;56825598,0905966;NA;NA;87014920,7669309;170724308,256288;NA;NA;NA;NA;NA;NA
"74";"NiN-3.0-T-C-PE-NA-MB-TE09-M020-01";26691216,0430453;NA;29180413,7588566;NA;NA;26899691,4038327;NA;NA;NA;97094393,3211118;NA;NA;NA;NA;NA;NA
"75";"NiN-3.0-T-C-PE-NA-MB-TE09-M020-02";17794144,0286969;NA;19453609,1725711;NA;NA;17933127,6025551;NA;NA;NA;64729595,5474079;NA;NA;NA;NA;NA;NA
"76";"NiN-3.0-T-C-PE-NA-MB-TF01-M020-02";32251886,0520131;30562581,9522842;NA;NA;NA;32503793,7796312;NA;NA;296874435,557764;NA;NA;NA;NA;NA;NA;NA
"77";"NiN-3.0-T-C-PE-NA-MB-TF02-M020-01";156810894,252891;52694106,814283;37934537,8865136;66303981,1024034;NA;158035686,997517;NA;NA;511852475,099594;126222711,317445;NA;NA;NA;992714796,084773;NA;NA
"78";"NiN-3.0-T-C-PE-NA-MB-TG01-M020-06";1570677972,07306;71453208,8401678;1634723254,28835;NA;NA;1572869789,2011;9824586,95319735;NA;694071956,235049;5402979340,34214;NA;91967745,6642056;NA;NA;NA;NA
"79";"NiN-3.0-T-C-PE-NA-MB-TG01-M020-07";167476259,330092;7798727,80851389;174097643,588778;NA;NA;159246173,11069;9300026,13700884;NA;75754166,3147398;544861370,520306;NA;87057343,2260722;NA;NA;NA;NA
"80";"NiN-3.0-T-C-PE-NA-MB-TG01-M020-08";8383377318,92001;591438654,883513;8458550853,29123;22175244,515854;NA;8326126981,77132;119665436,193004;NA;5745032180,51784;27701839534,4576;NA;1120185556,19917;NA;332011637,486546;NA;NA
"81";"NiN-3.0-T-C-PE-NA-MB-TG01-M020-10";16125943,0260066;15281290,9761421;NA;NA;NA;16251896,8898156;NA;NA;148437217,778882;NA;NA;NA;NA;NA;NA;NA
"82";"NiN-3.0-T-C-PE-NA-MB-TG01-M020-11";16125943,0260066;15281290,9761421;NA;NA;NA;16251896,8898156;NA;NA;148437217,778882;NA;NA;NA;NA;NA;NA;NA
"83";"NiN-3.0-T-C-PE-NA-MB-TG01-M020-12";826982843,733688;NA;904106486,295241;NA;NA;833442105,32875;NA;NA;NA;3008307953,06578;NA;NA;NA;NA;NA;NA
"84";"NiN-3.0-T-C-PE-NA-MB-TG01-M020-17";12900754,4208053;12225032,7809137;NA;NA;NA;13001517,5118525;NA;NA;118749774,223106;NA;NA;NA;NA;NA;NA;NA
"85";"NiN-3.0-T-C-PE-NA-MB-TH01-M020-01";1380380723,02616;1018471696,50646;106994850,449141;207116783,778076;41287221,3202757;1346105390,6668;NA;685480730,455239;9788666733,80463;315556778,293613;414974115,764632;NA;NA;2768977056,63779;177866945,736527;NA
"86";"NiN-3.0-T-C-PE-NA-MB-TH01-M020-02";693526763,518462;595548795,215027;52889499,9379276;16631433,3868905;20335497,0681955;638083096,508415;37702808,6635493;1330639065,00135;5229084885,61745;175983587,894515;NA;NA;307034755,788952;249008728,11491;NA;NA
"87";"NiN-3.0-T-C-PE-NA-MB-TH01-M020-03";156810894,252891;140693265,194136;9118879,29964269;NA;NA;141783790,107702;15846107,989028;NA;1218208890,73703;30341997,9128475;NA;NA;129043593,012748;NA;NA;NA
"88";"NiN-3.0-T-C-PE-NA-MB-TH01-M020-04";3962978301,99116;2864662422,85168;497526054,588505;483420330,445616;553782829,251061;3232670414,4556;152996904,721649;13319831448,6498;24364177814,7407;1598821010,02098;6784826792,75173;NA;1245938139,43343;1809463424,30168;249013724,031138;NA
"89";"NiN-3.0-T-C-PE-NA-MB-TH01-M020-05";481109169,175892;385299309,026038;32827965,4787137;44350489,0317079;20540906,1294904;433869605,934318;27867293,3600147;NA;3481620535,62744;109231192,486251;414974115,764632;NA;226938732,53966;332011637,486546;NA;NA
"90";"NiN-3.0-T-C-PE-NA-MB-TH01-M020-06";16682010,0269033;15808232,0442849;NA;NA;NA;10647794,5140171;6010592,68549337;NA;97251970,2689228;NA;NA;NA;48947569,7634561;NA;NA;NA
"91";"NiN-3.0-T-C-PE-NA-MB-TK01-M020-01";470877536,359392;327968120,812098;32827965,4787137;94466541,6375379;93153009,297239;372896972,085631;NA;3830627611,36751;2602257983,40633;109231192,486251;699231385,063404;NA;NA;854929966,527856;NA;NA
"92";"NiN-3.0-T-C-PE-NA-MB-TK01-M020-02";649597470,447616;436781451,383592;38603255,7018207;152898310,936813;87093441,9890393;517875100,547538;40708105,006296;1874991409,77462;3575801391,04576;128447791,164388;1180601359,35038;NA;331508540,67068;1344647131,82051;NA;NA
"93";"NiN-3.0-T-C-PE-NA-MB-TK01-M020-03";82297916,1327232;49268989,8713546;15502094,8093926;16077052,2739941;NA;64166972,2028926;18304986,8149116;NA;307111485,059756;51581396,4518407;NA;NA;149067598,825071;240708437,177746;NA;NA
"94";"NiN-3.0-T-C-PE-NA-MB-TK01-M020-04";649931110,648154;417548102,396379;57144976,9444275;156557226,281929;111639824,81378;533174300,033467;NA;5040299488,64147;3288140300,03979;190143186,920511;699231385,063404;NA;NA;1784562551,49019;NA;NA
"95";"NiN-3.0-T-C-PE-NA-MB-TK01-M020-05";1767959422,65122;1219921266,85747;202743083,095389;294265494,725382;278740096,177185;1424618864,95173;51636455,3435567;13071176673,8769;9375089933,92415;674603753,595642;1595575475,11501;NA;420504122,058782;3129209683,3107;NA;NA
"96";"NiN-3.0-T-C-PE-NA-MB-TK01-M020-06";183502110,295937;137268148,251207;15502094,8093926;24392768,9674394;NA;154953430,690828;29233337,1521723;NA;1059534623,45616;51581396,4518407;NA;NA;238063180,213173;365212801,235201;NA;NA
"97";"NiN-3.0-T-C-PE-NA-MB-TK03-M020-01";719328272,360072;74825631,6762819;NA;638425289,611436;591372687,468029;79578253,7363384;NA;NA;726830514,641423;NA;11947104792,8637;NA;NA;NA;NA;NA
"98";"NiN-3.0-T-C-PE-NA-MB-TK03-M020-02";54494566,0878843;21077642,7257132;24317011,4657138;9978860,03213429;29784313,8877611;22416409,5031939;NA;1344079863,63772;NA;80911994,4342599;186738352,094084;NA;NA;NA;NA;NA
"99";"NiN-3.0-T-C-PE-NA-MB-VA01-M020-01";27163984207,2078;17212003049,8174;5123837485,94056;4300777797,6273;1987948895,21208;21064139599,9137;4039118284,65155;19395072432,2924;136210085853,703;11911863820,6117;23931557256,1463;7940529942,66478;24365210272,4346;42223579997,3515;8779512441,55498;13777541164,2207
"100";"NiN-3.0-T-C-PE-NA-MB-VA01-M020-02";3056589090,52941;2216314132,60874;743371040,506872;37697915,6769517;16432724,9035923;2422541375,01017;624008804,257585;NA;17265807690,0595;1848029952,8785;331979292,611705;1581558785,28211;3705776009,00057;298810473,737891;NA;NA
"101";"NiN-3.0-T-C-PE-NA-MB-VA01-M020-03";164818259,065805;142484864,825821;15806057,452714;NA;NA;98632201,8140532;65788669,0303093;NA;900860356,175285;NA;NA;132990066,032778;420059144,151841;NA;NA;NA
"102";"NiN-3.0-T-C-PE-NA-MB-VB01-M020-01";3877343983,85305;2516248988,59564;164382997,508226;1068403280,77384;256966735,679925;2768874901,83451;836893068,827423;1478487850,0015;16663869179,3424;417505891,280781;4070896075,65104;NA;6566093994,81416;12274470237,8776;569174226,356887;2119621717,57241
"103";"NiN-3.0-T-C-PE-NA-MB-VB01-M020-02";216643703,549385;182110833,150162;NA;24392768,9674394;NA;178434619,645424;38904927,200648;NA;1404523191,67328;NA;NA;NA;316824269,741643;365212801,235201;NA;NA
"104";"NiN-3.0-T-C-PE-NA-MB-VC01-M020-01";1821230641,33713;1068214933,33915;88270751,6205413;611371491,302094;547004330,22833;1053571246,65011;180317780,564801;1344079863,63772;8482419217,35046;NA;9129430546,8219;NA;1468427092,90368;1849304820,80006;1291314026,04719;NA
"105";"NiN-3.0-T-C-PE-NA-MB-VC02-M020-01";12233474,0197291;NA;NA;12196384,4837197;NA;12329025,2267567;NA;NA;NA;NA;NA;NA;NA;182606400,6176;NA;NA
"106";"NiN-3.0-T-C-PE-NA-MB-VC03-M020-01";87858586,1416909;24239289,1345702;53497425,2245705;13305146,7095124;NA;78457433,2611787;9835515,30353461;NA;235452138,545813;141595990,259955;NA;92070045,715;NA;199206982,491928;NA;NA
"107";"NiN-3.0-T-C-PE-NA-MB-VC04-M020-01";225095921,963016;NA;246088156,033024;NA;7189317,14532164;219008320,846205;NA;NA;NA;790510185,622719;NA;NA;NA;NA;124506862,015569;NA
"108";"NiN-3.0-T-C-PE-NA-MB-VC04-M020-02";33364020,0538067;11592703,4991423;23101160,8924282;NA;NA;33624614,2547909;NA;NA;112607544,521911;76866394,7125469;NA;NA;NA;NA;NA;NA
"109";"NiN-3.0-T-C-PE-NA-MB-VC04-M020-03";63947705,1031295;8431057,09028529;60184603,3776418;NA;NA;64447177,3216825;NA;NA;81896396,015935;200257186,224793;NA;NA;NA;NA;NA;NA
"110";"NiN-3.0-T-C-PE-NA-MB-VC04-M020-04";48377829,0780197;NA;52889499,9379276;NA;NA;48755690,6694468;NA;NA;NA;175983587,894515;NA;NA;NA;NA;NA;NA
"111";"NiN-3.0-T-C-PE-NA-MB-VF01-M020-01";2689584869,93754;1998582083,25213;381777080,011707;230622542,964881;118110210,24457;1951124283,158;614828989,974286;NA;15066889457,0316;655387154,917505;2095619284,61139;1411740700,96333;3778752385,73881;1776262260,55302;249013724,031138;NA
"112";"NiN-3.0-T-C-PE-NA-MB-VF02-M020-01";20018412,032284;10538821,3628566;NA;8870097,80634158;NA;20174768,5528745;NA;NA;102370495,019919;NA;NA;NA;NA;132804654,994618;NA;NA
"113";"NiN-3.0-T-C-PE-NA-MB-VF02-M020-02";18906278,0304905;NA;NA;18848957,8384759;NA;19053948,0777148;NA;NA;NA;NA;NA;NA;NA;282209891,863564;NA;NA
"114";"NiN-3.0-T-C-PE-NA-MB-VK01-M020-01";336086895,342013;239020468,509588;NA;83600671,8247694;NA;338711947,59326;NA;NA;2321762827,05176;NA;NA;NA;NA;1251683873,32428;NA;NA
"115";"NiN-3.0-T-C-PE-NA-MB-VK01-M020-02";209748472,738265;198762170,903476;NA;NA;NA;211386741,615119;NA;NA;1930707536,07567;NA;NA;NA;NA;NA;NA;NA
"116";"NiN-3.0-T-C-PE-NA-MB-VK02-M020-01";92307122,1488651;24239289,1345702;24317011,4657138;44350489,0317079;20540906,1294904;70611689,9350608;NA;NA;235452138,545813;80911994,4342599;414974115,764632;NA;NA;332011637,486546;NA;NA
"117";"NiN-3.0-T-C-PE-NA-MB-VK02-M020-02";16682010,0269033;15808232,0442849;NA;NA;NA;16812307,1273954;NA;NA;153555742,529878;NA;NA;NA;NA;NA;NA;NA
"118";"O3-C-1";22242680,0358711;NA;NA;22175244,515854;20540906,1294904;NA;NA;NA;NA;NA;414974115,764632;NA;NA;NA;NA;NA
"119";"T1";2164657621,09098;1303652202,58536;609141137,216132;231066047,855198;382060854,008522;1748928269,43919;15299690,4721649;20967645872,7485;9325952096,31459;1945933466,14395;829948231,529263;NA;124593813,943343;2795537987,63672;355733891,473054;NA
"120";"T12";22242680,0358711;NA;NA;22175244,515854;20540906,1294904;NA;NA;NA;NA;NA;414974115,764632;NA;NA;NA;NA;NA
"121";"T13";628355711,013359;405744622,469979;148333769,940854;64308209,0959765;16432724,9035923;615330440,862673;NA;1075263890,91018;3777471266,235;493563166,048985;NA;NA;NA;962833748,710984;NA;NA
"122";"T14";169044368,272621;NA;184809287,139425;NA;NA;170364712,224274;NA;NA;NA;614931157,700375;NA;NA;NA;NA;NA;NA
"123";"T18";16682010,0269033;NA;18237758,5992854;NA;NA;16812307,1273954;NA;NA;NA;60683995,8256949;NA;NA;NA;NA;NA;NA
"124";"T19";153474492,247511;NA;167787379,113426;NA;NA;154673225,572038;NA;NA;NA;558292761,596393;NA;NA;NA;NA;NA;NA
"125";"T2";574973278,927269;257147241,253701;NA;302692087,641407;347141313,588388;200626865,053586;NA;13306390650,0135;470904277,091626;NA;2904818810,35242;NA;NA;2207877389,28553;NA;NA
"126";"T22";20018412,032284;NA;21885310,3191425;NA;NA;20174768,5528745;NA;NA;NA;72820794,9908339;NA;NA;NA;NA;NA;NA
"127";"T25-C-2";45597494,0735358;43209167,5877121;NA;NA;NA;45953639,4815475;NA;NA;419719029,581667;NA;NA;NA;NA;NA;NA;NA
"128";"T26";37812556,0609809;NA;41338919,4917135;NA;NA;38107896,1554297;NA;NA;NA;137550390,538242;NA;NA;NA;NA;NA;NA
"129";"T27";354770746,572144;114873152,855137;255328620,389995;NA;NA;357541731,575943;NA;NA;1115838395,71711;849575941,559729;NA;NA;NA;NA;NA;NA
"130";"T29";22242680,0358711;21077642,7257132;NA;NA;NA;22416409,5031939;NA;NA;204740990,039837;NA;NA;NA;NA;NA;NA;NA
"131";"T3";1940673833,12976;993810854,517378;829210090,980842;133051467,095124;287572685,812866;1642001996,10895;NA;12096718772,7395;7810868770,0198;2759099010,20826;2074870578,82316;NA;NA;332011637,486546;NA;NA
"132";"T31";44485360,0717422;21077642,7257132;24317011,4657138;NA;NA;44832819,0063878;NA;NA;204740990,039837;80911994,4342599;NA;NA;NA;NA;NA;NA
"133";"T32";174605038,281588;86418335,1754242;NA;83157166,9344524;NA;153552405,096878;21856700,6745214;NA;634697069,123496;NA;NA;NA;177991162,776204;1245043640,57455;NA;NA
"134";"T34";101204194,163214;32670346,2248555;NA;66525733,5475619;61622718,3884712;34745434,7299506;NA;NA;317348534,561748;NA;1244922347,29389;NA;NA;NA;NA;NA
"135";"T35";276921366,446595;129627502,763136;48634022,9314277;95353551,418172;32865449,8071847;243218043,109654;NA;NA;1259157088,745;161823988,86852;663958585,22341;NA;NA;896431421,213674;NA;NA
"136";"T35-C-1";865462680,195745;293400786,741928;17021908,0259997;538636689,290093;77028397,985589;771348651,004903;16392525,505891;NA;2696438838,82466;56638396,1039819;1556152934,11737;NA;133493372,082153;6819519033,97366;NA;NA
"137";"T35-C-2";1067871068,52217;539798430,205516;9726804,58628554;487855379,348787;50325220,0172515;952921567,980774;66662937,0572901;NA;4618956735,29873;32364797,773704;1016686583,62335;NA;542873046,467422;6490827512,86198;NA;NA
"138";"T35-C-3";22242680,0358711;21077642,7257132;NA;NA;NA;22416409,5031939;NA;NA;204740990,039837;NA;NA;NA;NA;NA;NA;NA
"139";"T36-C-1";739569111,192715;394151918,970837;9726804,58628554;313779709,899334;19513860,8230159;724050026,953164;NA;739243925,000748;3716048969,22305;32364797,773704;165989646,305853;NA;NA;4565160015,44001;NA;NA
"140";"T36-C-2";18906278,0304905;17915996,3168562;NA;NA;NA;19053948,0777148;NA;NA;174029841,533862;NA;NA;NA;NA;NA;NA;NA
"141";"T36-C-3";147913822,238543;55855753,22314;97268045,8628554;NA;NA;149069123,19624;NA;NA;542563623,605569;323647977,73704;NA;NA;NA;NA;NA;NA
"142";"T37";14457742,0233162;NA;NA;14413908,9353051;13351588,9841688;NA;NA;NA;NA;NA;269733175,24701;NA;NA;NA;NA;NA
"143";"T37-C-2";509357372,821449;190752666,667705;NA;307127136,544577;52379310,6302005;431515882,936483;24042370,7419735;NA;1627690870,81671;NA;1058183995,19981;NA;195790279,053824;3751731503,59797;NA;NA
"144";"T37-C-3";22242680,0358711;21077642,7257132;NA;NA;NA;22416409,5031939;NA;NA;204740990,039837;NA;NA;NA;NA;NA;NA;NA
"145";"T38";133456080,215227;23185406,9982845;NA;108658698,127684;27730223,274812;104236304,189852;NA;NA;225215089,043821;NA;560215056,282253;NA;NA;1178641313,07724;NA;NA
"146";"T38-C-1";1711129375,15957;710316559,856535;23101160,8924282;937569338,130306;121807573,347878;1591565074,72677;NA;1344079863,63772;6695030374,30268;76866394,7125469;2045822390,71963;NA;NA;12400634660,1225;NA;NA
"147";"T39";63391638,1022327;60071281,7682827;NA;NA;NA;63886767,0841027;NA;NA;583511821,613537;NA;NA;NA;NA;NA;NA;NA
"148";"T39-C-1";31139752,0502196;16862114,1805706;NA;13305146,7095124;NA;31382973,3044715;NA;NA;163792792,03187;NA;NA;NA;NA;199206982,491928;NA;NA
"149";"T39-C-2";35588288,0573938;NA;NA;35480391,2253663;NA;35866255,2051103;NA;NA;NA;NA;NA;NA;NA;531218619,978474;NA;NA
"150";"T39-C-3";78961514,1273425;NA;86325390,7032842;NA;NA;79578253,7363384;NA;NA;NA;287237580,241623;NA;NA;NA;NA;NA;NA
"151";"T39-C-4";339200870,547035;48478578,2691404;NA;287169416,480309;32865449,8071847;289171682,591202;16392525,505891;NA;317348534,561748;NA;663958585,22341;NA;133493372,082153;3768332085,4723;NA;NA
"152";"T4";3762349328,0676;1901203373,85933;121585057,328569;1639859331,9474;466278569,139432;2971295079,64835;303808139,375847;20161197954,5659;12960104669,5217;404559972,171299;3195300691,38766;NA;2118094837,03683;21331747708,5106;NA;3028031025,10345
"153";"T40";44485360,0717422;42155285,4514264;NA;NA;NA;NA;43713401,3490427;NA;NA;NA;NA;NA;355982325,552408;NA;NA;NA
"154";"T40-C-1";164595832,265446;95903274,4019951;NA;63199446,8701838;NA;121048611,317247;43713401,3490427;NA;522089524,601585;NA;NA;NA;355982325,552408;946233166,836656;NA;NA
"155";"T41";111213400,179356;NA;NA;110876222,57927;NA;112082047,51597;NA;NA;NA;NA;NA;NA;NA;1660058187,43273;NA;NA
"156";"T41-C-1";658383329,061785;266632180,480272;NA;375870394,543725;71893171,4532164;544718750,927612;39342061,2141384;NA;2221439741,93224;NA;1452409405,17621;NA;320384092,997167;4465556524,19404;NA;NA
"157";"T42";21797826,4351537;NA;NA;21731739,6255369;NA;21968081,31313;NA;NA;NA;NA;NA;NA;NA;325371404,736815;NA;NA
"158";"T43";266912160,430453;25293171,2708559;NA;239492640,771223;41081812,2589808;224164095,031939;NA;NA;245689188,047805;NA;829948231,529263;NA;NA;2921702409,88161;NA;NA
"159";"T43-C-1";536715869,26557;66394574,5859966;NA;465236629,942616;78055443,2920635;444517400,448335;10928350,3372607;NA;542563623,605569;NA;1576901639,9056;NA;88995581,388102;5703959932,01886;NA;NA
"160";"T44";1251150752,01775;NA;NA;1247357504,01679;369736310,330827;857427663,497167;NA;NA;NA;NA;7469534083,76337;NA;NA;12699445133,8604;NA;NA
"161";"T44-C-1";1339676618,56052;267686062,616558;NA;1053989371,83854;82163624,5179616;1260474706,36459;NA;NA;2600210573,50594;NA;1659896463,05853;NA;NA;14452466579,7894;NA;NA
"162";"T45";229099604,369473;40047521,1788551;24317011,4657138;164096809,417319;120164300,857519;99753022,2892129;NA;NA;389007881,075691;80911994,4342599;2427598577,22309;NA;NA;514618038,104146;NA;NA
"163";"T45-C-1";1075433579,73437;310895230,20427;NA;745088215,732693;149948614,74528;901139662,028396;18578195,5733432;2688159727,27545;2436417781,47407;NA;2199362813,55255;NA;151292488,359773;9395929340,86925;NA;NA
"164";"T45-C-2";858567449,384625;441576615,103692;NA;391393065,704822;46217038,7913534;804749101,164662;9835515,30353461;NA;4197190295,81667;NA;933691760,470421;NA;80096023,2492918;5112979217,29281;NA;NA
"165";"T45-C-3";937528963,511968;155974556,170278;NA;770589746,925925;39027721,6460318;891052277,751958;10928350,3372607;NA;1412712831,27488;NA;788450819,9528;NA;88995581,388102;10906582291,433;NA;NA
"166";"T6";102316328,165007;NA;NA;102006124,772928;94488168,1956559;NA;NA;NA;NA;NA;1908880932,51731;NA;NA;NA;NA;NA
"167";"T7";229099604,369473;112765388,582566;120369206,755284;NA;41081812,2589808;186056198,87651;NA;2688159727,27545;685882316,633455;400514372,449586;NA;NA;NA;NA;NA;NA
"168";"V1";40481677,6652854;38361309,7607981;NA;NA;NA;40797865,2958129;NA;NA;372628601,872504;NA;NA;NA;NA;NA;NA;NA
"169";"V1-C-4";746464342,003835;627270647,517225;92404643,5697126;NA;NA;622279527,808663;126768863,912224;NA;5110335111,39434;226553584,415928;NA;204600101,588889;854357581,325779;NA;NA;NA
"170";"V12";20018412,032284;18969878,4531419;NA;NA;NA;20174768,5528745;NA;NA;184266891,035854;NA;NA;NA;NA;NA;NA;NA
"171";"V2";52270298,0842971;17915996,3168562;NA;33262866,7737809;NA;52678562,3325057;NA;NA;174029841,533862;NA;NA;NA;NA;498017456,229819;NA;NA
"172";"V3";77849380,1255489;62179046,040854;NA;12196384,4837197;11297498,3712197;66128408,0344221;NA;NA;603985920,61752;NA;228235763,670547;NA;NA;NA;NA;NA
"173";"V6";16682010,0269033;NA;18237758,5992854;NA;NA;16812307,1273954;NA;NA;NA;60683995,8256949;NA;NA;NA;NA;NA;NA
"174";"V6-C-3";176606879,484817;8009504,23577102;183836606,680797;NA;NA;177986291,45536;NA;NA;77801576,2151382;611694677,923005;NA;NA;NA;NA;NA;NA
