"";"M020_kode3";"Norge_area";"Lavalpin sone (LA)";"Mellom_Nordbor";"Boreonem_sørbor";"Over_svakt_klart (OC-O1_O2)";"Sterkt oseanisk seksjon (O3)";"Svakt kontinental seksjon (C1)";"Lavalpin sone (LA)_Over_svakt_klart (OC-O1_O2)";"Mellom_Nordbor_Sterkt oseanisk seksjon (O3)";"Mellom_Nordbor_Over_svakt_klart (OC-O1_O2)";"Lavalpin sone (LA)_Svakt kontinental seksjon (C1)";"Boreonem_sørbor_Over_svakt_klart (OC-O1_O2)";"Boreonem_sørbor_Sterkt oseanisk seksjon (O3)";"Mellom_Nordbor_Svakt kontinental seksjon (C1)"
"1";"F";19385022,755482;9081554,46086481;9526868,37341608;NA;9822211,3022113;10189473,6842105;NA;9755471,69811321;10358904,109589;NA;NA;NA;NA;NA
"2";"F1-C-1";24231278,4443525;22703886,152162;NA;NA;24555528,2555283;NA;NA;24388679,245283;NA;NA;NA;NA;NA;NA
"3";"F8-C-1";9692511,377741;9081554,46086481;NA;NA;9822211,3022113;NA;NA;9755471,69811321;NA;NA;NA;NA;NA;NA
"4";"I1";2630547587,91891;2442938149,97263;22864484,0961986;NA;2665748147,42015;NA;NA;2624221886,79245;NA;22567491,3294798;NA;NA;NA;NA
"5";"I1-C-1";591243194,042201;485863163,656267;71451512,8006206;NA;574599361,179361;25473684,2105263;NA;521917735,849057;25897260,2739726;47015606,9364162;NA;NA;NA;NA
"6";"L";12115639,2221763;NA;11908585,4667701;NA;NA;12736842,1052632;NA;NA;12948630,1369863;NA;NA;NA;NA;NA
"7";"L16-C-3";9692511,377741;NA;9526868,37341608;NA;9822211,3022113;NA;NA;NA;NA;9403121,38728324;NA;NA;NA;NA
"8";"L4-1";81901721,1419115;76739135,1943076;NA;NA;17188869,7788698;NA;55050695,6521739;17072075,4716981;NA;NA;48453545,8167331;NA;NA;NA
"9";"L4-C-1";16961894,9110468;NA;16672019,6534781;NA;17188869,7788698;NA;NA;NA;NA;16455462,4277457;NA;NA;NA;NA
"10";"L4-C-2";24231278,4443525;NA;23817170,9335402;NA;24555528,2555283;NA;NA;NA;NA;23507803,4682081;NA;NA;NA;NA
"11";"NiN-3.0-T-C-PE-NA-MB-TA01-M020-01";6822558758,79189;1456908374,38424;4129897439,87587;1190018497,10983;5709896985,25799;1215349473,68421;27114521,7391304;1565021547,16981;691456849,315068;3417564468,20809;NA;631244931,818182;519088839,662447;35755851,0638298
"12";"NiN-3.0-T-C-PE-NA-MB-TA01-M020-01/02";665148593,297476;303096880,131363;326295241,789501;10820809,2485549;674049250,614251;NA;NA;325588867,924528;NA;322056907,514451;NA;10987727,2727273;NA;NA
"13";"NiN-3.0-T-C-PE-NA-MB-TA01-M020-01/03";64212887,8775341;NA;63115502,9738816;NA;65072149,8771499;NA;NA;NA;NA;62295679,1907514;NA;NA;NA;NA
"14";"NiN-3.0-T-C-PE-NA-MB-TA02-M020-01";4003007199,00703;113519430,76081;1436175407,29247;2702497109,82659;2265001926,28993;1631844210,52632;182817608,695652;NA;595378013,69863;785395713,872832;90398406,374502;1616019988,63636;1014706265,82278;105642287,234043
"15";"NiN-3.0-T-C-PE-NA-MB-TA02-M020-02";107829189,077369;NA;65497220,0672356;45988439,3063584;51566609,3366093;59863157,8947368;NA;NA;16833219,1780822;49366387,283237;NA;NA;42001476,7932489;NA
"16";"NiN-3.0-T-C-PE-NA-MB-TA03-M020-01";7584147840,29789;1943906732,34811;4683646664,08068;831038150,289017;5520573862,40786;1407675789,47368;676014326,086957;1435029886,79245;965708835,616438;3602100725,43353;484173864,541833;350233806,818182;443980316,455696;166048005,319149
"17";"NiN-3.0-T-C-PE-NA-MB-TA03-M020-02";3843323074,05875;2061058784,89327;1594083250,58185;24346820,8092486;3216774201,4742;234357894,736842;378165413,043478;1801591735,84906;238254794,520548;1321843789,01734;305727410,358566;24722386,3636364;NA;40631648,9361702
"18";"NiN-3.0-T-C-PE-NA-MB-TA03-M020-03";992755477,865122;469970443,349754;482774054,82286;NA;938512289,92629;NA;56488586,9565217;456068301,886792;NA;458872323,699422;36159362,5498008;NA;NA;20315824,4680851
"19";"NiN-3.0-T-C-PE-NA-MB-TA03-M020-04";33710796884,5676;15084234920,6349;16029194209,9819;1455669364,16185;24667747019,656;1635665263,15789;6623132760,86957;8968936792,45283;1104518150,68493;14212112742,7746;5363156653,38645;885885511,363636;532677552,742616;698593484,042553
"20";"NiN-3.0-T-C-PE-NA-MB-TA03-M020-05";4947542432,76789;3188987848,93268;1477140941,29816;45988439,3063584;4461739484,02948;25473684,2105263;441227217,391304;2934689773,58491;25897260,2739726;1402710632,94798;363943984,063745;46697840,9090909;NA;36568484,0425532
"21";"NiN-3.0-T-C-PE-NA-MB-TA03-M020-06";676294981,381878;375522276,95676;270801233,514352;NA;558638267,813268;NA;105993130,434783;277543169,811321;NA;267283725,433526;93291155,3784861;NA;NA;NA
"22";"NiN-3.0-T-C-PE-NA-MB-TA04-M020-01/02";1055029863,46711;951065790,914067;39298332,0403413;NA;744523616,707617;NA;271556043,478261;699223433,962264;NA;38787875,7225434;239013386,454183;NA;NA;NA
"23";"NiN-3.0-T-C-PE-NA-MB-TA04-M020-03";674598791,890774;620270169,677066;12384928,8854409;NA;683625906,633907;NA;NA;666298716,981132;NA;12224057,8034682;NA;NA;NA;NA
"24";"NiN-3.0-T-C-PE-NA-MB-TB01-M020-01";69874768398,8415;3333157525,99891;41429254323,7652;26981146820,8092;62089635415,2334;3674324210,52632;4331750260,86957;805070301,886793;743251369,863014;37934307378,6127;2057467729,08367;24223543545,4545;2854618016,87764;2629680319,14894
"25";"NiN-3.0-T-C-PE-NA-MB-TB01-M020-01/02/05";157260997,103848;NA;118609511,24903;40848554,9132948;144632061,425061;NA;12324782,6086957;NA;NA;102964179,190751;NA;41478670,4545455;NA;16252659,5744681
"26";"NiN-3.0-T-C-PE-NA-MB-TB01-M020-01/04";7895519768,30782;1906445320,19704;3806222086,88906;2219889017,34104;4809200208,84521;44578947,368421;2634216869,56522;17072075,4716981;NA;2699636150,28902;1505495059,76096;2206060943,18182;43236814,3459916;1218136835,10638
"27";"NiN-3.0-T-C-PE-NA-MB-TB01-M020-02";17202026880,4303;494263601,532567;11475112955,7797;5581914450,86705;16262144142,5061;911957894,736842;243414456,521739;391926075,471698;484278767,123288;10741890794,7977;103054183,266932;5198293772,72727;422485443,037975;166589760,638298
"28";"NiN-3.0-T-C-PE-NA-MB-TB01-M020-03";4544818585,02276;494263601,532567;3415620483,579;605424277,456647;4464931702,7027;NA;117701673,913043;508991735,849057;NA;3257711404,62428;16271713,1474104;614763340,909091;NA;130833909,574468
"29";"NiN-3.0-T-C-PE-NA-MB-TB01-M020-04";1726963214,729;343736836,343733;941969110,421515;448522543,352601;1350062943,48894;NA;334617847,826087;NA;NA;902699653,179191;273726374,501992;455441295,454545;NA;31150930,8510638
"30";"NiN-3.0-T-C-PE-NA-MB-TB01-M020-05";58155068,266446;NA;33344039,3069563;27052023,1213873;58933267,8132678;NA;NA;NA;NA;32910924,8554913;NA;27469318,1818182;NA;NA
"31";"NiN-3.0-T-C-PE-NA-MB-TB01-M020-06";14538767,0666115;NA;NA;16231213,8728324;14733316,953317;NA;NA;NA;NA;NA;NA;16481590,9090909;NA;NA
"32";"NiN-3.0-T-C-PE-NA-MB-TC01-M020-01";28592908,564336;NA;NA;31921387,283237;28975523,3415233;NA;NA;NA;NA;NA;NA;32413795,4545455;NA;NA
"33";"NiN-3.0-T-C-PE-NA-MB-TC02-M020-04";24231278,4443525;NA;23817170,9335402;NA;24555528,2555283;NA;NA;NA;NA;23507803,4682081;NA;NA;NA;NA
"34";"NiN-3.0-T-C-PE-NA-MB-TC03-M020-04/05";21323525,0310302;NA;20959110,4215154;NA;21608864,8648649;NA;NA;NA;NA;20686867,0520231;NA;NA;NA;NA
"35";"NiN-3.0-T-C-PE-NA-MB-TC03-M020-04/05/09";8480947,45552338;NA;8336009,82673907;NA;8594434,88943489;NA;NA;NA;NA;8227731,21387283;NA;NA;NA;NA
"36";"NiN-3.0-T-C-PE-NA-MB-TC05-M020-01";47250992,9664874;NA;25008029,4802172;24346820,8092486;47883280,0982801;NA;NA;NA;NA;24683193,6416185;NA;24722386,3636364;NA;NA
"37";"NiN-3.0-T-C-PE-NA-MB-TC05-M020-01/03";9692511,377741;NA;9526868,37341608;NA;9822211,3022113;NA;NA;NA;NA;9403121,38728324;NA;NA;NA;NA
"38";"NiN-3.0-T-C-PE-NA-MB-TC08-M020-01";3143281439,80141;1892141871,92118;1065103884,14792;44906358,3815029;3007315545,45455;92978947,3684211;73948695,6521739;1944753283,01887;82871232,8767123;976044000;65086852,5896414;33237875;11118037,9746835;NA
"39";"NiN-3.0-T-C-PE-NA-MB-TC08-M020-01/02";2488794609,01945;1774081663,92994;585187889,837083;NA;2320742975,42998;147747368,421053;49299130,4347826;1847198566,03774;150204109,589041;441241471,098266;43391235,059761;NA;NA;NA
"40";"NiN-3.0-T-C-PE-NA-MB-TC08-M020-02";1711455196,52462;1041200218,93815;568515870,183605;24346820,8092486;1596846002,457;49673684,2105263;74975760,8695652;1029446150,9434;50499657,5342466;515291052,023121;65990836,6533865;24722386,3636364;NA;NA
"41";"NiN-3.0-T-C-PE-NA-MB-TC08-M020-03";352565101,365329;238390804,597701;96459542,2808379;NA;357282936,117936;NA;NA;256081132,075472;NA;95206604,0462428;NA;NA;NA;NA
"42";"NiN-3.0-T-C-PE-NA-MB-TC08-M020-04";413143297,47621;305367268,746579;85741815,3607448;NA;396571781,326781;22926315,7894737;NA;328027735,849057;23307534,2465753;63471069,3641619;NA;NA;NA;NA
"43";"NiN-3.0-T-C-PE-NA-MB-TC08-M020-05";90867294,1663219;85139573,0706076;NA;NA;92083230,958231;NA;NA;91457547,1698113;NA;NA;NA;NA;NA;NA
"44";"NiN-3.0-T-C-PE-NA-MB-TD01-M020-01/04";41193173,3553993;38596606,4586754;NA;NA;41744398,034398;NA;NA;41460754,7169811;NA;NA;NA;NA;NA;NA
"45";"NiN-3.0-T-C-PE-NA-MB-TD01-M020-02/05";24231278,4443525;22703886,152162;NA;NA;24555528,2555283;NA;NA;24388679,245283;NA;NA;NA;NA;NA;NA
"46";"NiN-3.0-T-C-PE-NA-MB-TD01-M020-04";162349565,577162;95356321,8390805;59542927,3338505;NA;144877616,707617;20378947,3684211;NA;102432452,830189;20717808,2191781;39963265,8959538;NA;NA;NA;NA
"47";"NiN-3.0-T-C-PE-NA-MB-TD01-M020-05";33923789,8220935;22703886,152162;9526868,37341608;NA;34377739,5577396;NA;NA;24388679,245283;NA;9403121,38728324;NA;NA;NA;NA
"48";"NiN-3.0-T-C-PE-NA-MB-TD01-M020-06";24231278,4443525;NA;23817170,9335402;NA;24555528,2555283;NA;NA;NA;NA;23507803,4682081;NA;NA;NA;NA
"49";"NiN-3.0-T-C-PE-NA-MB-TD01-M020-07";2085828448,48986;1006236234,26382;823121427,46315;194774566,473988;1847312390,66339;276389473,684211;NA;1080906264,15094;224011301,369863;609087187,861272;NA;137346590,909091;54354852,3206751;NA
"50";"NiN-3.0-T-C-PE-NA-MB-TD01-M020-07/08";676779606,950765;364397372,7422;240791598,138092;47882080,9248555;628867078,624079;59098947,3684211;NA;391438301,886792;53089383,5616438;189472895,953757;NA;41203977,2727273;6670822,78481013;NA
"51";"NiN-3.0-T-C-PE-NA-MB-TD01-M020-08";726453727,761688;181631089,217296;460385914,145332;71687861,2716763;711619208,845209;25473684,2105263;NA;195109433,962264;NA;454405841,040462;NA;45324375;24706751,0548523;NA
"52";"NiN-3.0-T-C-PE-NA-MB-TD03-M020-01";85051787,3396773;NA;59781099,0431859;27052023,1213873;73666584,7665848;12991578,9473684;NA;NA;13207602,739726;47015606,9364162;NA;27469318,1818182;NA;NA
"53";"NiN-3.0-T-C-PE-NA-MB-TD03-M020-02";258063115,432354;22703886,152162;229835699,508663;NA;220999754,299754;42031578,9473684;NA;24388679,245283;42730479,4520548;188062427,745665;NA;NA;NA;NA
"54";"NiN-3.0-T-C-PE-NA-MB-TD03-M020-03";123579520,066198;18163108,9217296;102413835,014223;NA;101905442,260442;24200000;NA;19510943,3962264;24602397,260274;78751141,6184971;NA;NA;NA;NA
"55";"NiN-3.0-T-C-PE-NA-MB-TD04-M020-01/03";24231278,4443525;22703886,152162;NA;NA;24555528,2555283;NA;NA;24388679,245283;NA;NA;NA;NA;NA;NA
"56";"NiN-3.0-T-C-PE-NA-MB-TD06-M020-01/02";3569509627,63757;2083989709,90695;1264691776,57099;65465895,9537572;3194919781,32678;197421052,631579;194115326,086957;2026455358,49057;200703767,123288;1048448034,68208;157293227,091633;66475750;NA;20315824,4680851
"57";"NiN-3.0-T-C-PE-NA-MB-TD06-M020-03";287867587,918908;165284291,187739;109558986,294285;NA;291719675,675676;NA;NA;177549584,90566;NA;108135895,953757;NA;NA;NA;NA
"58";"NiN-3.0-T-C-PE-NA-MB-TE01-M020-02/04";16961894,9110468;NA;16672019,6534781;NA;17188869,7788698;NA;NA;NA;NA;16455462,4277457;NA;NA;NA;NA
"59";"NiN-3.0-T-C-PE-NA-MB-TE02-M020-01/02";14538767,0666115;NA;NA;16231213,8728324;NA;15284210,5263158;NA;NA;NA;NA;NA;NA;14824050,6329114;NA
"60";"NiN-3.0-T-C-PE-NA-MB-TE03-M020-01/02";122852581,712867;55624521,0727969;62400987,8458754;NA;104115439,80344;NA;17049282,6086957;59752264,1509434;NA;42078968,2080925;NA;NA;NA;22482845,7446809
"61";"NiN-3.0-T-C-PE-NA-MB-TE04-M020-01";21808150,5999173;20433497,5369458;NA;NA;22099975,4299754;NA;NA;21949811,3207547;NA;NA;NA;NA;NA;NA
"62";"NiN-3.0-T-C-PE-NA-MB-TE05-M020-01/02";436163011,998345;382560481,66393;13099444,0134471;16231213,8728324;413760651,105651;NA;23622500;396316037,735849;NA;NA;10847808,7649402;16481590,9090909;NA;14898271,2765957
"63";"NiN-3.0-T-C-PE-NA-MB-TE05-M020-02/03";21808150,5999173;20433497,5369458;NA;NA;22099975,4299754;NA;NA;21949811,3207547;NA;NA;NA;NA;NA;NA
"64";"NiN-3.0-T-C-PE-NA-MB-TE09-M020-01/02";48462556,888705;45407772,304324;NA;NA;NA;NA;41082608,6956522;NA;NA;NA;36159362,5498008;NA;NA;NA
"65";"NiN-3.0-T-C-PE-NA-MB-TF01-M020-02";35135353,7443111;NA;34534897,8536333;NA;35605515,970516;NA;NA;NA;NA;34086315,0289017;NA;NA;NA;NA
"66";"NiN-3.0-T-C-PE-NA-MB-TF02-M020-01";170830513,032685;NA;113131561,934316;62219653,1791908;173116474,201474;NA;NA;NA;NA;111662066,473988;NA;63179431,8181818;NA;NA
"67";"NiN-3.0-T-C-PE-NA-MB-TG01-M020-04/05/10/11";35135353,7443111;NA;34534897,8536333;NA;35605515,970516;NA;NA;NA;NA;34086315,0289017;NA;NA;NA;NA
"68";"NiN-3.0-T-C-PE-NA-MB-TG01-M020-06/08";3293999991,72528;2573258456,48604;538268063,098009;NA;3221439751,84275;40757894,7368421;64705108,6956522;2687388566,03774;41435616,4383562;493663872,83237;56950996,0159363;NA;NA;NA
"69";"NiN-3.0-T-C-PE-NA-MB-TG01-M020-07/08";493106516,342573;443860974,274767;19053736,7468322;NA;499705000;NA;NA;476798679,245283;NA;18806242,7745665;NA;NA;NA;NA
"70";"NiN-3.0-T-C-PE-NA-MB-TG01-M020-08";7239336748,03475;5117682977,55884;1710072873,02819;41930635,8381503;7105387656,01966;73873684,2105263;133518478,26087;5360875584,90566;75102054,7945205;1598530635,83815;101246215,139442;42577443,1818182;NA;24378989,3617021
"71";"NiN-3.0-T-C-PE-NA-MB-TG01-M020-12";900918932,561026;823696989,600438;21435453,8401862;NA;912974540,540541;NA;NA;884821283,018868;NA;21157023,1213873;NA;NA;NA;NA
"72";"NiN-3.0-T-C-PE-NA-MB-TH01-M020-01";1503793140,25652;18163108,9217296;1313755148,69408;165017341,040462;1404821771,49877;123547368,421053;NA;19510943,3962264;112653082,191781;1194431494,21965;NA;153828181,818182;12353375,5274262;NA
"73";"NiN-3.0-T-C-PE-NA-MB-TH01-M020-02";623470794,37319;9081554,46086481;584235202,999741;21641618,4971098;607503769,041769;25218947,3684211;NA;9755471,69811321;25638287,6712329;553373693,641618;NA;21975454,5454545;NA;NA
"74";"NiN-3.0-T-C-PE-NA-MB-TH01-M020-03";38770045,510964;NA;38107473,4936643;NA;39288845,2088452;NA;NA;NA;NA;37612485,5491329;NA;NA;NA;NA
"75";"NiN-3.0-T-C-PE-NA-MB-TH01-M020-04";4317286880,43029;226130706,075534;3390136110,68011;699835838,150289;4092424339,06634;270275789,473684;18487173,9130435;220961433,962264;256641849,315068;3113138413,2948;16271713,1474104;691402738,636364;17294725,7383966;NA
"76";"NiN-3.0-T-C-PE-NA-MB-TH01-M020-05";505949093,91808;NA;459195055,598655;43283236,9942197;512719429,97543;NA;NA;NA;NA;453230450,867052;NA;43950909,0909091;NA;NA
"77";"NiN-3.0-T-C-PE-NA-MB-TK01-M020-01/04";589304691,766653;NA;253652870,442203;369801156,069364;318485201,474202;271294736,842105;14378913,0434783;NA;NA;233902644,508671;NA;82957340,9090909;263126898,734177;18961436,1702128
"78";"NiN-3.0-T-C-PE-NA-MB-TK01-M020-02/03/05/06";358622920,976417;63570881,2260536;273897465,735712;13526011,5606936;345005171,990172;19105263,1578947;NA;68288301,8867925;19422945,2054795;252708887,283237;NA;13734659,0909091;NA;NA
"79";"NiN-3.0-T-C-PE-NA-MB-TK01-M020-02/05";1236037513,44642;52218938,1499726;830028407,033876;374941040,462428;1018072201,4742;243273684,210526;NA;56093962,2641509;49204794,5205479;774582124,277457;NA;170584465,909091;189006645,56962;NA
"80";"NiN-3.0-T-C-PE-NA-MB-TK01-M020-04";195061791,477038;NA;103604693,5609;100092485,549133;106816547,911548;94252631,5789474;NA;NA;25897260,2739726;78751141,6184971;NA;27469318,1818182;66708227,8481013;NA
"81";"NiN-3.0-T-C-PE-NA-MB-TK01-M020-05";1108096363,26024;12487137,3836891;814547245,927075;297031213,872832;702288108,108108;436364210,526316;NA;13413773,5849057;201998630,136986;620606011,560694;NA;45324375;230513987,341772;NA
"82";"NiN-3.0-T-C-PE-NA-MB-TK01-M020-05/06";220504633,843608;NA;198873377,295061;20289017,3410405;223455307,125307;NA;NA;NA;NA;196290158,959538;NA;20601988,6363636;NA;NA
"83";"NiN-3.0-T-C-PE-NA-MB-TK03-M020-01";783639544,89036;NA;71451512,8006206;793706358,381503;794125783,783784;NA;NA;NA;NA;70523410,4046243;NA;805949795,454545;NA;NA
"84";"NiN-3.0-T-C-PE-NA-MB-TK03-M020-02";59366632,1886636;NA;23817170,9335402;39225433,5260116;11049987,7149877;50947368,4210526;NA;NA;25897260,2739726;NA;NA;12361193,1818182;24706751,0548523;NA
"85";"NiN-3.0-T-C-PE-NA-MB-VA01-M020-01";29592569956,5577;4352334975,36946;18012211861,9085;7392912138,72832;23527511065,1106;1883269473,68421;3886209369,56522;1373814301,88679;639144383,561644;15932883956,6474;2447446454,18327;6154088698,86364;1216807489,45148;1457863563,82979
"86";"NiN-3.0-T-C-PE-NA-MB-VA01-M020-02";3329862283,82292;947433169,129721;2182129200,93095;110101734,104046;2812344651,10565;17831578,9473684;455811543,478261;535087622,641509;18128082,1917808;2080910763,00578;357796892,430279;111800125;NA;65010638,2978723
"87";"NiN-3.0-T-C-PE-NA-MB-VA01-M020-03";179553773,272652;80825834,7016968;72642371,3472977;21641618,4971098;94538783,7837838;NA;73127043,4782609;NA;NA;71698800,5780347;64363665,3386454;21975454,5454545;NA;NA
"88";"NiN-3.0-T-C-PE-NA-MB-VB01-M020-01";4223996458,41953;188442255,062945;2773271383,50142;1341239306,35838;3418129533,16953;122273684,210526;622812347,826087;24388679,245283;28486986,3013699;2170240416,18497;131981673,306773;1260292318,18182;91414978,9029536;623560372,340425
"89";"NiN-3.0-T-C-PE-NA-MB-VB01-M020-02";236012652,047993;40412917,3508484;163385792,604086;29757225,433526;195462004,914005;NA;36563521,7391304;NA;NA;161263531,791908;32181832,6693227;30216250;NA;NA
"90";"NiN-3.0-T-C-PE-NA-MB-VC01-M020-01";1984057079,02358;NA;949352433,410913;1136726011,56069;1883409017,19902;50947368,4210526;65321347,826087;NA;NA;862266231,213873;NA;1099322113,63636;49413502,1097046;86139095,7446809
"91";"NiN-3.0-T-C-PE-NA-MB-VC02-M020-01";13327203,1443939;NA;13099444,0134471;NA;13505540,5405405;NA;NA;NA;NA;12929291,9075145;NA;NA;NA;NA
"92";"NiN-3.0-T-C-PE-NA-MB-VC03-M020-01";95713549,8551924;10216748,7684729;83360098,2673907;NA;78577690,4176904;19105263,1578947;NA;10974905,6603774;19422945,2054795;64646459,5375723;NA;NA;NA;NA
"93";"NiN-3.0-T-C-PE-NA-MB-VC04-M020-01";245220537,856847;113973508,483853;121467571,761055;NA;212405319,410319;12736842,1052632;19925065,2173913;98774150,9433962;12948630,1369863;108135895,953757;17537290,8366534;NA;NA;NA
"94";"NiN-3.0-T-C-PE-NA-MB-VC04-M020-02";36346917,6665288;21568691,8445539;13099444,0134471;NA;36833292,3832924;NA;NA;23169245,2830189;NA;12929291,9075145;NA;NA;NA;NA
"95";"NiN-3.0-T-C-PE-NA-MB-VC04-M020-03";60578196,1108813;34055829,228243;23817170,9335402;NA;61388820,6388206;NA;NA;36583018,8679245;NA;23507803,4682081;NA;NA;NA;NA
"96";"NiN-3.0-T-C-PE-NA-MB-VC04-M020-03/04";18173458,8332644;17027914,6141215;NA;NA;18416646,1916462;NA;NA;18291509,4339623;NA;NA;NA;NA;NA;NA
"97";"NiN-3.0-T-C-PE-NA-MB-VC04-M020-04";43616301,1998345;40866995,0738916;NA;NA;44199950,8599509;NA;NA;43899622,6415094;NA;NA;NA;NA;NA;NA
"98";"NiN-3.0-T-C-PE-NA-MB-VF01-M020-01";2930046189,4911;289474548,440066;2246435562,45151;374670520,231214;2288329678,13268;17831578,9473684;555231456,521739;NA;NA;1881564589,59538;230515936,25498;361221534,090909;17294725,7383966;386813297,87234
"99";"NiN-3.0-T-C-PE-NA-MB-VF02-M020-01";21808150,5999173;NA;NA;24346820,8092486;22099975,4299754;NA;NA;NA;NA;NA;NA;24722386,3636364;NA;NA
"100";"NiN-3.0-T-C-PE-NA-MB-VF02-M020-02";20596586,6776996;NA;NA;22994219,6531792;20872199,017199;NA;NA;NA;NA;NA;NA;23348920,4545455;NA;NA
"101";"NiN-3.0-T-C-PE-NA-MB-VK01-M020-01";300952478,278858;NA;206018528,575123;101986127,16763;212405319,410319;96035789,4736842;NA;NA;NA;203342500;NA;NA;93144451,4767932;NA
"102";"NiN-3.0-T-C-PE-NA-MB-VK01-M020-01/02";65182139,0153082;NA;64068189,8112232;NA;66054371,007371;NA;NA;NA;NA;63235991,3294798;NA;NA;NA;NA
"103";"NiN-3.0-T-C-PE-NA-MB-VK02-M020-01";94501985,9329748;20433497,5369458;40489190,5870184;35167630,0578035;73666584,7665848;NA;18487173,9130435;NA;NA;39963265,8959538;16271713,1474104;35710113,6363636;NA;NA
"104";"NiN-3.0-T-C-PE-NA-MB-VK02-M020-01/02";24231278,4443525;NA;23817170,9335402;NA;24555528,2555283;NA;NA;NA;NA;23507803,4682081;NA;NA;NA;NA
"105";"O3-C-1";24231278,4443525;NA;NA;27052023,1213873;24555528,2555283;NA;NA;NA;NA;NA;NA;27469318,1818182;NA;NA
"106";"T1";2358188018,20439;694738916,256158;1111071024,04965;542934104,046243;1621155975,42998;779494736,842105;14378913,0434783;729221509,433962;440253424,657534;697006372,83237;12655776,8924303;177726488,636364;336011814,345992;NA
"107";"T1-C-10";47250992,9664874;22703886,152162;22626312,3868632;NA;47883280,0982801;NA;NA;24388679,245283;NA;22332413,2947977;NA;NA;NA;NA
"108";"T1-C-12";21808150,5999173;11351943,076081;9526868,37341608;NA;22099975,4299754;NA;NA;12194339,6226415;NA;9403121,38728324;NA;NA;NA;NA
"109";"T1-C-9";129637339,677286;NA;127421864,49444;NA;108044324,324324;24200000;NA;NA;24602397,260274;103434335,260116;NA;NA;NA;NA
"110";"T12";24231278,4443525;NA;NA;27052023,1213873;24555528,2555283;NA;NA;NA;NA;NA;NA;27469318,1818182;NA;NA
"111";"T13";684533616,052958;22703886,152162;579948112,231704;78450867,0520231;578282690,41769;119726315,789474;NA;24388679,245283;46615068,4931507;530100968,208093;NA;NA;71649578,0590717;NA
"112";"T14";184157716,177079;118060207,991242;57161210,2404965;NA;186622014,742015;NA;NA;126821132,075472;NA;56418728,3236994;NA;NA;NA;NA
"113";"T16-C-7";70270707,4886223;65841269,8412698;NA;NA;71211031,9410319;NA;NA;70727169,8113208;NA;NA;NA;NA;NA;NA
"114";"T17-C-1";14054141,4977245;NA;13813959,1414533;NA;14242206,3882064;NA;NA;NA;NA;13634526,0115607;NA;NA;NA;NA
"115";"T18";18173458,8332644;17027914,6141215;NA;NA;NA;NA;15405978,2608696;NA;NA;NA;13559760,9561753;NA;NA;NA
"116";"T19";167195821,266032;156656814,449918;NA;NA;169433144,963145;NA;NA;168281886,792453;NA;NA;NA;NA;NA;NA
"117";"T2";626378547,786512;NA;158384186,708042;519398843,930636;272566363,636364;375736842,105263;NA;NA;103589041,09589;62295679,1907514;NA;232115738,636364;265597573,839662;NA
"118";"T2-C-5";14538767,0666115;NA;14290302,5601241;NA;14733316,953317;NA;NA;NA;NA;14104682,0809249;NA;NA;NA;NA
"119";"T22";21808150,5999173;20433497,5369458;NA;NA;22099975,4299754;NA;NA;21949811,3207547;NA;NA;NA;NA;NA;NA
"120";"T25-C-2";49674120,8109226;NA;48825200,4137574;NA;50338832,9238329;NA;NA;NA;NA;48190997,1098266;NA;NA;NA;NA
"121";"T26";41193173,3553993;38596606,4586754;NA;NA;41744398,034398;NA;NA;41460754,7169811;NA;NA;NA;NA;NA;NA
"122";"T27";386488891,187422;99897099,0695129;275088324,282389;NA;380610687,960688;NA;9243586,95652174;107310188,679245;NA;260936618,49711;NA;NA;NA;12189494,6808511
"123";"T29";24231278,4443525;NA;23817170,9335402;NA;24555528,2555283;NA;NA;NA;NA;23507803,4682081;NA;NA;NA;NA
"124";"T3";2114179044,26976;823015873,015873;1155132790,2767;67630057,8034682;1777820245,70025;329884210,526316;39028478,2608696;862139811,320755;296523630,136986;847456315,028902;16271713,1474104;27469318,1818182;37060126,5822785;27087765,9574468
"125";"T3-C-7";1027648518,82499;635935851,122058;342967261,442979;NA;900451221,130221;NA;117907086,956522;543135886,792453;NA;338512369,942196;103777370,517928;NA;NA;NA
"126";"T3-C-8";1520997347,95201;923594088,669951;526121305,921903;NA;1412925095,8231;15284210,5263158;95106239,1304348;879211886,792453;15538356,1643836;505182696,531792;83708924,3027888;NA;NA;NA
"127";"T3-C-9";708280268,928424;590982156,540777;76214946,9873287;NA;594980449,63145;NA;102706521,73913;512893924,528302;NA;75224971,0982659;90398406,374502;NA;NA;NA
"128";"T31";48462556,888705;NA;47634341,8670804;NA;49111056,5110565;NA;NA;NA;NA;47015606,9364162;NA;NA;NA;NA
"129";"T31-C-7";264120935,043442;10216748,7684729;248889436,255495;NA;267655257,985258;NA;NA;10974905,6603774;NA;245656546,242775;NA;NA;NA;NA
"130";"T31-C-8";36346917,6665288;NA;35725756,4003103;NA;36833292,3832924;NA;NA;NA;NA;35261705,2023121;NA;NA;NA;NA
"131";"T32";190215535,788167;NA;84550956,8140678;116323699,421965;192760896,805897;NA;NA;NA;NA;83452702,3121387;NA;118118068,181818;NA;NA
"132";"T32-C-10";118733264,377327;NA;82169239,7207137;39225433,5260116;73666584,7665848;48400000;NA;NA;49204794,5205479;36437095,3757225;NA;39830511,3636364;NA;NA
"133";"T32-C-9";317914373,189905;22703886,152162;275564667,70106;14878612,716763;187849791,154791;122783157,894737;13351847,826087;24388679,245283;124824794,520548;143397601,156069;NA;15108125;NA;17607047,8723404
"134";"T34";110252316,921804;NA;36916614,9469873;81156069,3641618;111727653,562654;NA;NA;NA;NA;36437095,3757225;NA;82407954,5454545;NA;NA
"135";"T35";301679416,632189;NA;181010499,094906;131202312,138728;305716326,781327;NA;NA;NA;NA;178659306,358382;NA;133226193,181818;NA;NA
"136";"T35-C-1";942839044,269756;NA;425851016,291699;568904046,242775;895294560,19656;62410526,3157895;NA;NA;NA;420319526,011561;NA;510379931,818182;60531540,0843882;NA
"137";"T35-C-2";1163343678,11336;9081554,46086481;673549594,000517;522915606,936416;1027894412,77641;103168421,052632;43136739,1304348;NA;14243493,1506849;611908124,277457;7231872,50996016;434839306,818182;86473628,6919831;46049202,1276596
"138";"T35-C-3";24231278,4443525;NA;23817170,9335402;NA;24555528,2555283;NA;NA;NA;NA;23507803,4682081;NA;NA;NA;NA
"139";"T36-C-1";805690008,274721;NA;352494129,816395;499109826,589595;782093574,938575;35663157,8947368;NA;NA;14243493,1506849;334986199,421965;NA;483460000;21000738,3966245;NA
"140";"T36-C-2";20596586,6776996;NA;20244595,2935092;NA;20872199,017199;NA;NA;NA;NA;19981632,9479769;NA;NA;NA;NA
"141";"T36-C-3";161138001,654944;136223316,912972;15481161,1068011;NA;163294262,899263;NA;NA;146332075,471698;NA;15280072,2543353;NA;NA;NA;NA
"142";"T37";15750330,9888291;NA;NA;17583815,0289017;15961093,3660934;NA;NA;NA;NA;NA;NA;17855056,8181818;NA;NA
"143";"T37-C-2";554896276,375672;NA;285806051,202483;294867052,023121;500932776,412776;49673684,2105263;11297717,3913043;NA;NA;269164349,710983;NA;245850397,727273;48178164,556962;14898271,2765957
"144";"T37-C-3";24231278,4443525;NA;23817170,9335402;NA;24555528,2555283;NA;NA;NA;NA;23507803,4682081;NA;NA;NA;NA
"145";"T38";145387670,666115;NA;44061766,2270494;112265895,953757;147333169,53317;NA;NA;NA;NA;43489436,416185;NA;113997670,454545;NA;NA
"146";"T38-C-1";1864112250,72404;NA;753813460,046548;1224915606,93642;1815390203,9312;76421052,6315789;NA;NA;NA;744021979,768786;NA;1161402772,72727;74120253,164557;NA
"147";"T39";69059143,5664046;NA;51206917,5071115;18936416,1849711;69983255,5282555;NA;NA;NA;NA;50541777,4566474;NA;19228522,7272727;NA;NA
"148";"T39-C-1";33923789,8220935;NA;19053736,7468322;16231213,8728324;34377739,5577396;NA;NA;NA;NA;18806242,7745665;NA;16481590,9090909;NA;NA
"149";"T39-C-2";38770045,510964;NA;NA;43283236,9942197;39288845,2088452;NA;NA;NA;NA;NA;NA;43950909,0909091;NA;NA
"150";"T39-C-3";86021038,4774514;80598795,8401752;NA;NA;87172125,3071253;NA;NA;86579811,3207547;NA;NA;NA;NA;NA;NA
"151";"T39-C-4";369526996,276376;NA;54779493,1471425;350323699,421965;359738488,943489;15284210,5263158;NA;NA;NA;54067947,9768786;NA;339246079,545455;14824050,6329114;NA
"152";"T4";4098720748,86223;133952928,297756;2673477437,28989;1379653179,19075;3043657727,27273;1001115789,47368;121193695,652174;NA;484278767,123288;2199155014,45087;106670119,521912;835067272,727273;508959071,729958;NA
"153";"T4-C-3";3249172126,60323;55624521,0727969;2053992821,30851;1228161849,71098;3243539727,27273;NA;41082608,6956522;10974905,6603774;NA;2027312971,09827;36159362,5498008;1247107045,45455;NA;NA
"154";"T4-C-7";648429011,170873;19298303,2293377;201255094,388415;472328323,699422;657105936,117936;NA;NA;20730377,3584906;NA;198640939,306358;NA;479614295,454545;NA;NA
"155";"T40";48462556,888705;NA;47634341,8670804;NA;49111056,5110565;NA;NA;NA;NA;47015606,9364162;NA;NA;NA;NA
"156";"T40-C-1";179311460,488209;NA;109558986,294285;75745664,7398844;132599852,579853;NA;41082608,6956522;NA;NA;61120289,017341;NA;76914090,9090909;NA;54175531,9148936
"157";"T41";121156392,221763;NA;NA;135260115,606936;122777641,277641;NA;NA;NA;NA;NA;NA;137346590,909091;NA;NA
"158";"T41-C-1";717245841,952834;NA;328676958,882855;427421965,317919;726843636,363636;NA;NA;NA;NA;324407687,861272;NA;434015227,272727;NA;NA
"159";"T42";23746652,8754655;NA;NA;26510982,6589595;NA;24964210,5263158;NA;NA;NA;NA;NA;NA;24212616,0337553;NA
"160";"T43";290775341,33223;NA;28580605,1202483;292161849,710983;294666339,066339;NA;NA;NA;NA;28209364,1618497;NA;296668636,363636;NA;NA
"161";"T43-C-1";584700748,862226;NA;136948732,867856;497216184,971098;560602710,07371;20378947,3684211;10270652,173913;NA;20717808,2191781;104609725,433526;NA;504886068,181818;NA;13543882,9787234
"162";"T44";1363009412,49483;NA;NA;1521676300,57803;1356692936,11794;25473684,2105263;NA;NA;NA;NA;NA;1517679829,54545;24706751,0548523;NA
"163";"T44-C-1";1459449900,70335;NA;350112412,723041;1231678612,71676;1325507415,23342;NA;128383152,173913;NA;NA;198640939,306358;NA;1250678056,81818;NA;169298537,234043
"164";"T45";249582167,976831;NA;105986410,654254;158254335,260116;252921941,031941;NA;NA;NA;NA;104609725,433526;NA;160695511,363636;NA;NA
"165";"T45-C-1";1171582312,78444;NA;232217416,602017;1044208092,48555;1031332186,73219;161757894,736842;NA;NA;NA;229201083,815029;NA;885885511,363636;156887869,198312;NA
"166";"T45-C-2";935327347,952007;NA;762149469,873287;178543352,601156;909782321,867322;39484210,5263158;NA;NA;25897260,2739726;728741907,514451;NA;166189375;13588713,0801688;NA
"167";"T45-C-3";1021348386,42946;NA;335822110,162917;758809248,554913;1035015515,97052;NA;NA;NA;NA;331460028,901734;NA;770514375;NA;NA
"168";"T6";111463880,844022;NA;NA;124439306,358382;112955429,97543;NA;NA;NA;NA;NA;NA;126358863,636364;NA;NA
"169";"T7";249582167,976831;130547345,374932;108368127,747608;NA;179255356,265356;76421052,6315789;NA;140234905,660377;77691780,8219178;36437095,3757225;NA;NA;NA;NA
"170";"T7-C-11";79963218,8663633;74922824,3021346;NA;NA;81033243,2432432;NA;NA;80482641,509434;NA;NA;NA;NA;NA;NA
"171";"T7-C-13";124548771,203972;53127093,5960591;66688078,6139126;NA;126215415,233415;NA;NA;57069509,4339623;NA;65821849,7109827;NA;NA;NA;NA
"172";"T7-C-6";710218771,203972;630486918,445539;36678443,2376519;NA;580983798,525799;NA;116058369,565217;539477584,90566;NA;36202017,3410405;102150199,203187;NA;NA;NA
"173";"T7-C-7";350626599,089781;328525232,621784;NA;NA;355318493,857494;NA;NA;352904188,679245;NA;NA;NA;NA;NA;NA
"174";"V1";44100926,7687216;NA;NA;49234682,0809249;44691061,4250614;NA;NA;NA;NA;NA;NA;49994159,0909091;NA;NA
"175";"V1-C-4";813201704,59247;160062397,372742;615912040,34135;17583815,0289017;752872496,314496;NA;59569782,6086957;101213018,867925;NA;607911797,687861;52431075,6972112;17855056,8181818;NA;NA
"176";"V11-C-1";24231278,4443525;NA;NA;27052023,1213873;24555528,2555283;NA;NA;NA;NA;NA;NA;27469318,1818182;NA;NA
"177";"V12";21808150,5999173;NA;21435453,8401862;NA;22099975,4299754;NA;NA;NA;NA;21157023,1213873;NA;NA;NA;NA
"178";"V12-C-1";482202441,042615;NA;132185298,681148;388196531,791908;488655012,285012;NA;NA;NA;NA;130468309,248555;NA;394184715,909091;NA;NA
"179";"V12-C-2";38770045,510964;NA;21435453,8401862;18936416,1849711;39288845,2088452;NA;NA;NA;NA;21157023,1213873;NA;19228522,7272727;NA;NA
"180";"V12-C-3";48462556,888705;NA;NA;54104046,2427746;49111056,5110565;NA;NA;NA;NA;NA;NA;54938636,3636364;NA;NA
"181";"V2";56943504,3442284;NA;20244595,2935092;40578034,6820809;33149963,1449631;25473684,2105263;NA;NA;NA;19981632,9479769;NA;13734659,0909091;24706751,0548523;NA
"182";"V3";84809474,5552338;22703886,152162;46443483,3204034;14878612,716763;61388820,6388206;NA;20541304,3478261;NA;NA;45840216,7630058;18079681,2749004;15108125;NA;NA
"183";"V6";18173458,8332644;NA;17862878,2001552;NA;18416646,1916462;NA;NA;NA;NA;17630852,6011561;NA;NA;NA;NA
"184";"V6-C-3";192396350,848159;148937493,158183;32867695,8882855;NA;194970894,348894;NA;NA;159989735,849057;NA;32440768,7861272;NA;NA;NA;NA
"185";"V9-C-3";228500955,730244;22703886,152162;200778750,969744;NA;207003103,194103;NA;20541304,3478261;NA;NA;198170783,236994;18079681,2749004;NA;NA;NA
